char,prob,code,len,ascii
D,0.454545,0,1,1000100
B,0.272727,10,2,1000010
A,0.181818,111,3,1000001
E,0.090909,110,3,1000101
