char,prob,code,len
D,0.454545,0,1
B,0.272727,10,2
A,0.181818,111,3
E,0.090909,110,3
